{"cameraMode":{"drawMode":0,"name":"Shaded","section":"Shading Mode"},"sceneLighting":true,"audioPlay":false,"sceneViewState":{"showFog":true,"showMaterialUpdate":false,"showSkybox":true,"showFlares":true,"showImageEffects":true,"showParticleSystems":true},"in2DMode":false,"pivot":{"x":0.16570322215557099,"y":-0.5309576988220215,"z":-0.531453013420105},"rotation":{"x":-0.6916764378547669,"y":-0.0028178670909255745,"z":0.0026990037877112629,"w":-0.7221970558166504},"size":8.724513053894043,"orthographic":false}