{"cameraMode":{"drawMode":0,"name":"Shaded","section":"Shading Mode"},"sceneLighting":false,"audioPlay":false,"sceneViewState":{"showFog":true,"showMaterialUpdate":false,"showSkybox":true,"showFlares":true,"showImageEffects":true,"showParticleSystems":true},"in2DMode":false,"pivot":{"x":2.9685542583465578,"y":0.6635902523994446,"z":-1.9249547719955445},"rotation":{"x":-0.44332700967788699,"y":0.003224541898816824,"z":-0.0015947704669088126,"w":-0.8963527679443359},"size":0.6837899684906006,"orthographic":false}