{"cameraMode":{"drawMode":0,"name":"Shaded","section":"Shading Mode"},"sceneLighting":false,"audioPlay":false,"sceneViewState":{"showFog":true,"showMaterialUpdate":false,"showSkybox":true,"showFlares":true,"showImageEffects":true,"showParticleSystems":true},"in2DMode":false,"pivot":{"x":-6.859907627105713,"y":0.5207066535949707,"z":-2.929872512817383},"rotation":{"x":-0.000789205078035593,"y":0.9939507842063904,"z":-0.10959063470363617,"w":-0.007154666818678379},"size":5.461448669433594,"orthographic":false}