{"cameraMode":{"drawMode":0,"name":"Shaded","section":"Shading Mode"},"sceneLighting":true,"audioPlay":false,"sceneViewState":{"showFog":true,"showMaterialUpdate":false,"showSkybox":true,"showFlares":true,"showImageEffects":true,"showParticleSystems":true},"in2DMode":false,"pivot":{"x":527.378173828125,"y":333.21435546875,"z":105.8333740234375},"rotation":{"x":-0.0018124167108908296,"y":0.0035980872344225647,"z":-0.000006451988156186417,"w":-0.9999918937683106},"size":823.3452758789063,"orthographic":false}