{"cameraMode":{"drawMode":0,"name":"Shaded","section":"Shading Mode"},"sceneLighting":false,"audioPlay":false,"sceneViewState":{"showFog":true,"showMaterialUpdate":false,"showSkybox":true,"showFlares":true,"showImageEffects":true,"showParticleSystems":true},"in2DMode":false,"pivot":{"x":-3.0000038146972658,"y":0.6530709862709045,"z":-1.9184918403625489},"rotation":{"x":-0.3677634298801422,"y":-0.030124099925160409,"z":0.01192072406411171,"w":-0.9293549060821533},"size":0.39124104380607607,"orthographic":false}